condition,Gemini 2.5 Flash_value,Gemini 2.5 Flash_delta,Gemini 2.5 Flash_delta_rel,GPT Realtime 1.5_value,GPT Realtime 1.5_delta,GPT Realtime 1.5_delta_rel,xAI Realtime_value,xAI Realtime_delta,xAI Realtime_delta_rel,all_value,all_delta,all_delta_rel
control,0.4473684210526316,,,0.7105263157894737,,,0.4824561403508772,,,0.5467836257309941,,
control_audio,0.4035087719298245,-0.0438596491228071,-0.09803921568627469,0.6666666666666666,-0.04385964912280704,-0.06172839506172843,0.4649122807017544,-0.017543859649122806,-0.03636363636363636,0.5116959064327484,-0.03508771929824572,-0.06417112299465261
control_accents,0.4385964912280701,-0.008771929824561486,-0.019607843137255086,0.5964912280701754,-0.11403508771929827,-0.16049382716049387,0.2982456140350877,-0.1842105263157895,-0.38181818181818183,0.4444444444444444,-0.10233918128654973,-0.18716577540106957
control_behavior,0.3333333333333333,-0.11403508771929827,-0.25490196078431376,0.5701754385964912,-0.14035087719298245,-0.19753086419753085,0.5175438596491229,0.03508771929824567,0.07272727272727283,0.47368421052631576,-0.07309941520467839,-0.13368983957219255
regular,0.2982456140350877,-0.14912280701754388,-0.33333333333333337,0.4473684210526316,-0.2631578947368421,-0.37037037037037035,0.3859649122807017,-0.09649122807017552,-0.20000000000000015,0.37719298245614036,-0.1695906432748538,-0.3101604278074866
